Meta_key-id,Asset_Build_Id,metrics,summary_value,key,value
6b9e,0cec,Data Isolation,NA,\N,\N
bf44,0cec,Backing Metrics,Success,hasUrl,True
ac8c,0cec,Backing Metrics,Success,hasAnnotation,True
36cf,0cec,API First,Success,hasValidContractName,True
8386,0cec,API First,Success,hasContract,True
b9bc,0cec,API First,Success,apiFirstMetricValid,True
1fd9,0cec,Security,Success,securityMetricValid,True
c952,0cec,Security,Success,hasDTICoreLibrary,True
1732,0cec,Security,Success,aclFilterEnabled,False
a014,0cec,Codebase,Success,codebaseRepoMetrics,True
7886,0cec,Codebase,Success,codebaseRepoMetricsValid,True
ff87,c570,Config,Success,configMetricsValid,True
0fc9,c570,Config,Success,systemGetPropertyUsed,False
36fb,c570,Parity,Fail,cicdFilePresent,True
bcc3,c570,Parity,Fail,hasApplicationFileInBddTestResources,False
6af9,c570,Port,Success,portMetricValid,True
0eba,c570,Security,Success,securityMetricValid,True
b47f,c570,Security,Success,hasDTICoreLibrary,True
5cba,c570,Security,Success,aclFilterEnabled,False
157b,c570,Stateless,Success,hasGlobalStateProvider,True
a13b,c570,Telementry,Success,hasLogLibDepenedency,True
36ca,c570,CICD,Success,cicdMetricsValid,True
8247,c570,CICD,Success,hasJenkinsFile,True
1fff,c570,CICD,Success,hasCICDFile,True
409e,47f6,API First,Success,hasValidContractName,True
2ceb,47f6,API First,Success,hasContract,True
c4e2,47f6,API First,Success,apiFirstMetricValid,True
73cb,47f6,Config,Success,hasHardCodedURL,False
8ac5,47f6,Config,Success,configMetricsValid,True
7c83,47f6,Config,Success,systemGetPropertyUsed,False
00a5,47f6,Parity,Fail,cicdFilePresent,True
d37e,47f6,Parity,Fail,hasApplicationFileInBddTestResources,False
4062,47f6,Backing Metrics,Success,hasUrl,True
9316,47f6,Backing Metrics,Success,hasAnnotation,True
c854,47f6,Disposability,NA,\N,\N
3034,47f6,Data Isolation,NA,\N,\N
1581,c175,Logs,Success,hasConsoleAppender,True
b135,c175,Logs,Success,hasLogbackFile,True
5678,c570,Logs,Success,hasLogbackFile,True
