[
    {
        "lastBuild" : {
            "timestamp": 1678458383242,
            "building": true,
            "duration": 12433124,
            "result": "success",
            "fullDisplayName": "Accounts Service Job",
            "displayName": "Accounts Service Job",
            "url": "https://acounts_service_url",
            "number": 3,

            "source": {
              "branchName": "main",
              "displayName": "accounts_service",
              "url": "https://acounts_service_url.get",
              "commit": {
                "hash": "asd2321"
              },
              "author": "accounts_team"
            },

            "tests": {
              "passed": 3,
              "skipped": 0,
              "failed": 0,
              "total": 3,
              "testUrl": "https://test_url"
            },
            "status": "success"
    
        },
        "displayName": "accounts_service_job",
        "fullDisplayName": "Accounts Service Job",
        "fullName": "Accounts Service Job",
        "inQueue": "",
        "status": "success"
    },
    {
        "lastBuild" : {
            "timestamp": 123213432615478623,
            "building": false,
            "duration": 1243,
            "result": "failed",
            "fullDisplayName": "Accounts Service Job",
            "displayName": "Accounts Service Job",
            "url": "https://acounts_service_url",
            "number": 3123,

            "source": {
              "branchName": "main",
              "displayName": "accounts_service",
              "url": "https://acounts_service_url.get",
              "commit": {
                "hash": "329864dsb"
              },
              "author": "accounts_team"
            },

            "tests": {
              "passed": 0,
              "skipped": 0,
              "failed": 3,
              "total": 3,
              "testUrl": "https://test_url"
            },
            "status": "failure"
    
        },
        "displayName": "accounts_service_job",
        "fullDisplayName": "Accounts Service Job",
        "fullName": "Accounts Service Job",
        "inQueue": "",
        "status": "failure"
    },
    {
        "lastBuild" : {
            "timestamp": 1232134,
            "building": true,
            "duration": 1243,
            "result": "pending",
            "fullDisplayName": "Accounts Service Job",
            "displayName": "Accounts Service Job",
            "url": "https://acounts_service_url",
            "number": 3,

            "source": {
              "branchName": "main",
              "displayName": "accounts_service",
              "url": "https://acounts_service_url.git",
              "commit": {
                "hash": "asd2321"
              },
              "author": "accounts_team"
            },

            "tests": {
              "passed": 0,
              "skipped": 0,
              "failed": 0,
              "total": 3,
              "testUrl": "https://test_url"
            },
            "status": "pending"
    
        },
        "displayName": "accounts_service_job",
        "fullDisplayName": "Accounts Service Job",
        "fullName": "Accounts Service Job",
        "inQueue": "",
        "status": "pending"
    }
]